dataset,variable,type,n_missing,pct_missing,n_unique
hh,hh1,numeric,0,0,500
hh,hh2,numeric,0,0,22
hh,hh3,numeric,0,0,138
hh,hh4,numeric,0,0,24
hh,hh5d,numeric,0,0,31
hh,hh5m,numeric,0,0,3
hh,hh5y,numeric,0,0,1
hh,hh6,numeric,0,0,2
hh,hh7,numeric,0,0,7
hh,hh8,numeric,0,0,2
hh,hh9,numeric,0,0,2
hh,hh10,numeric,0,0,2
hh,hh11h,numeric,0,0,20
hh,hh11m,numeric,0,0,60
hh,hh12,numeric,0,0,2
hh,hh46,numeric,0,0,8
hh,hh13h,numeric,2063,18.75,21
hh,hh13m,numeric,2063,18.75,61
hh,hh14,numeric,2063,18.75,3
hh,hh15,numeric,2063,18.75,4
hh,hh16,numeric,2063,18.75,4
hh,hh17,numeric,2063,18.75,4
hh,hh26a,numeric,7194,65.4,6
hh,hh26b,numeric,7194,65.4,11
hh,hh26c,numeric,7194,65.4,14
hh,hh33x_01,logical,11000,100,1
hh,hh33x_02,numeric,10966,99.69,3
hh,hh33x_03,numeric,10744,97.67,3
hh,hh33x_04,numeric,10754,97.76,3
hh,hh33x_05,numeric,10844,98.58,3
hh,hh33x_06,numeric,10931,99.37,3
hh,hh33x_07,logical,10987,99.88,2
hh,hh33x_08,logical,10995,99.95,2
hh,hh33x_09,logical,10999,99.99,2
hh,hh33x_10,logical,11000,100,1
hh,hh33x_11,logical,11000,100,1
hh,hh33x_12,logical,11000,100,1
hh,hh33x_13,logical,11000,100,1
hh,hh33x_14,logical,11000,100,1
hh,hh33x_15,logical,11000,100,1
hh,hh33x_16,logical,11000,100,1
hh,hh33x_17,logical,11000,100,1
hh,hh33x_18,logical,11000,100,1
hh,hh33x_19,logical,11000,100,1
hh,hh33x_20,logical,11000,100,1
hh,hh33x_21,logical,11000,100,1
hh,hh33x_22,logical,11000,100,1
hh,hh33x_23,logical,11000,100,1
hh,hh33x_24,logical,11000,100,1
hh,hh33x_25,logical,11000,100,1
hh,hh33x_26,logical,11000,100,1
hh,hh33x_27,logical,11000,100,1
hh,hh33x_28,logical,11000,100,1
hh,hh33x_29,logical,11000,100,1
hh,hh33x_30,logical,11000,100,1
hh,hh33x_31,logical,11000,100,1
hh,hh33x_32,logical,11000,100,1
hh,hh33x_33,logical,11000,100,1
hh,hh33x_34,logical,11000,100,1
hh,hh33x_35,logical,11000,100,1
hh,hh33x_36,logical,11000,100,1
hh,hh33x_37,logical,11000,100,1
hh,hh33x_38,logical,11000,100,1
hh,hh33x_39,logical,11000,100,1
hh,hh33x_40,logical,11000,100,1
hh,hh33x_41,logical,11000,100,1
hh,hh33x_42,logical,11000,100,1
hh,hh33x_43,logical,11000,100,1
hh,hh33x_44,logical,11000,100,1
hh,hh33x_45,logical,11000,100,1
hh,hh33x_46,logical,11000,100,1
hh,hh33x_47,logical,11000,100,1
hh,hh33x_48,logical,11000,100,1
hh,hh33x_49,logical,11000,100,1
hh,hh33x_50,logical,11000,100,1
hh,hh33,numeric,10262,93.29,4
hh,hh39x_01,logical,11000,100,1
hh,hh39x_02,logical,10996,99.96,2
hh,hh39x_03,numeric,10937,99.43,3
hh,hh39x_04,numeric,10941,99.46,3
hh,hh39x_05,numeric,10964,99.67,3
hh,hh39x_06,numeric,10990,99.91,3
hh,hh39x_07,logical,11000,100,1
hh,hh39x_08,logical,10998,99.98,2
hh,hh39x_09,logical,11000,100,1
hh,hh39x_10,logical,11000,100,1
hh,hh39x_11,numeric,10999,99.99,2
hh,hh39x_12,logical,11000,100,1
hh,hh39x_13,logical,11000,100,1
hh,hh39x_14,logical,11000,100,1
hh,hh39x_15,logical,11000,100,1
hh,hh39x_16,logical,11000,100,1
hh,hh39x_17,logical,11000,100,1
hh,hh39x_18,logical,11000,100,1
hh,hh39x_19,logical,11000,100,1
hh,hh39x_20,logical,11000,100,1
hh,hh39x_21,logical,11000,100,1
hh,hh39x_22,logical,11000,100,1
hh,hh39x_23,logical,11000,100,1
hh,hh39x_24,logical,11000,100,1
hh,hh39x_25,logical,11000,100,1
hh,hh39x_26,logical,11000,100,1
hh,hh39x_27,logical,11000,100,1
hh,hh39x_28,logical,11000,100,1
hh,hh39x_29,logical,11000,100,1
hh,hh39x_30,logical,11000,100,1
hh,hh39x_31,logical,11000,100,1
hh,hh39x_32,logical,11000,100,1
hh,hh39x_33,logical,11000,100,1
hh,hh39x_34,logical,11000,100,1
hh,hh39x_35,logical,11000,100,1
hh,hh39x_36,logical,11000,100,1
hh,hh39x_37,logical,11000,100,1
hh,hh39x_38,logical,11000,100,1
hh,hh39x_39,logical,11000,100,1
hh,hh39x_40,logical,11000,100,1
hh,hh39x_41,logical,11000,100,1
hh,hh39x_42,logical,11000,100,1
hh,hh39x_43,logical,11000,100,1
hh,hh39x_44,logical,11000,100,1
hh,hh39x_45,logical,11000,100,1
hh,hh39x_46,logical,11000,100,1
hh,hh39x_47,logical,11000,100,1
hh,hh39x_48,logical,11000,100,1
hh,hh39x_49,logical,11000,100,1
hh,hh39x_50,logical,11000,100,1
hh,hh39,numeric,10838,98.53,4
hh,hh44,logical,9405,85.5,2
hh,hh44a,numeric,2063,18.75,3
hh,hh44b,numeric,3592,32.65,3
hh,hh44c,numeric,5805,52.77,3
hh,hh44d,numeric,6257,56.88,2
hh,hh44f_p1,numeric,6257,56.88,2
hh,hh44f_p2,numeric,10766,97.87,2
hh,hh44f_p3,numeric,10948,99.53,2
hh,hh44i_p1,numeric,6257,56.88,3
hh,hh44i_p2,numeric,10766,97.87,3
hh,hh44i_p3,logical,11000,100,1
hh,hh47,numeric,2063,18.75,12
hh,hh48,numeric,2063,18.75,14
hh,hh49,numeric,2063,18.75,9
hh,hh50,numeric,2063,18.75,8
hh,hh50a,numeric,2063,18.75,8
hh,hh51,numeric,2063,18.75,5
hh,hh52,numeric,2063,18.75,9
hh,hh52a,numeric,2063,18.75,3
hh,hh53,numeric,2063,18.75,8
hh,hh54,numeric,2063,18.75,7
hh,hh55,numeric,2063,18.75,5
hh,hh56,numeric,2063,18.75,3
hh,introhl,numeric,2063,18.75,2
hh,hhaux,numeric,2063,18.75,2
hh,hhwq,logical,9392,85.38,2
hh,hhfin,numeric,2063,18.75,2
hh,hc3,numeric,2063,18.75,17
hh,hc4,numeric,2063,18.75,10
hh,hc5,numeric,2063,18.75,16
hh,hc6,numeric,2063,18.75,15
hh,hc7a,numeric,2063,18.75,4
hh,hc7b,numeric,2063,18.75,4
hh,hc8,numeric,2063,18.75,5
hh,hc9a,numeric,2096,19.05,4
hh,hc9b,numeric,2096,19.05,4
hh,hc9c,numeric,2096,19.05,4
hh,hc9d,numeric,2096,19.05,4
hh,hc9e,numeric,2096,19.05,4
hh,hc9f,numeric,2096,19.05,4
hh,hc10b,numeric,2063,18.75,4
hh,hc10c,numeric,2063,18.75,4
hh,hc10d,numeric,2063,18.75,4
hh,hc10e,numeric,2063,18.75,4
hh,hc10f,numeric,2063,18.75,4
hh,hc11,numeric,2063,18.75,4
hh,hc12,numeric,2063,18.75,4
hh,hc13,numeric,2063,18.75,4
hh,hc14,numeric,2063,18.75,7
hh,hc15,numeric,2063,18.75,4
hh,hc16,numeric,9027,82.06,35
hh,hc17,numeric,2063,18.75,4
hh,hc18a,numeric,9490,86.27,18
hh,hc18b,numeric,9490,86.27,31
hh,hc18c,numeric,9490,86.27,12
hh,hc18d,numeric,9490,86.27,22
hh,hc18e,numeric,9490,86.27,37
hh,hc18f,numeric,9490,86.27,31
hh,hc18x,numeric,9490,86.27,17
hh,hc19,numeric,2063,18.75,4
hh,st2_1,numeric,2063,18.75,4
hh,st2_2,numeric,2063,18.75,4
hh,st2_3,numeric,2740,24.91,4
hh,st2_4,numeric,2063,18.75,4
hh,st2_5,numeric,2063,18.75,4
hh,st2_6,numeric,2063,18.75,4
hh,st3_1,numeric,3313,30.12,5
hh,st3_2,numeric,4273,38.85,5
hh,st3_3,numeric,4409,40.08,5
hh,st3_4,numeric,6607,60.06,5
hh,st3_5,numeric,7792,70.84,5
hh,st3_6,numeric,8676,78.87,5
hh,st3a_1,numeric,10179,92.54,3
hh,st3a_2,numeric,10845,98.59,3
hh,st3a_3,numeric,9835,89.41,3
hh,st3a_4,logical,11000,100,1
hh,st3a_5,logical,11000,100,1
hh,st3a_6,logical,11000,100,1
hh,st3b_1,numeric,10712,97.38,4
hh,st3b_2,numeric,10938,99.44,4
hh,st3b_3,numeric,10261,93.28,4
hh,st3b_4,logical,11000,100,1
hh,st3b_5,logical,11000,100,1
hh,st3b_6,logical,11000,100,1
hh,st3b1a_1,numeric,10922,99.29,5
hh,st3b1a_2,numeric,10990,99.91,2
hh,st3b1a_3,numeric,10758,97.8,5
hh,st3b1a_4,logical,11000,100,1
hh,st3b1a_5,logical,11000,100,1
hh,st3b1a_6,logical,11000,100,1
hh,st3b1b_1,numeric,10922,99.29,7
hh,st3b1b_2,numeric,10990,99.91,4
hh,st3b1b_3,numeric,10758,97.8,5
hh,st3b1b_4,logical,11000,100,1
hh,st3b1b_5,logical,11000,100,1
hh,st3b1b_6,logical,11000,100,1
hh,st3b2_1,numeric,10922,99.29,4
hh,st3b2_2,numeric,10990,99.91,4
hh,st3b2_3,numeric,10758,97.8,4
hh,st3b2_4,logical,11000,100,1
hh,st3b2_5,logical,11000,100,1
hh,st3b2_6,logical,11000,100,1
hh,st3c_1,numeric,10712,97.38,3
hh,st3c_2,numeric,10938,99.44,3
hh,st3c_3,numeric,10261,93.28,3
hh,st3c_4,logical,11000,100,1
hh,st3c_5,logical,11000,100,1
hh,st3c_6,logical,11000,100,1
hh,st3d_1,numeric,10759,97.81,4
hh,st3d_2,numeric,10950,99.55,4
hh,st3d_3,numeric,10409,94.63,4
hh,st3d_4,logical,11000,100,1
hh,st3d_5,logical,11000,100,1
hh,st3d_6,logical,11000,100,1
hh,st3d1_1,numeric,10920,99.27,7
hh,st3d1_2,logical,10996,99.96,3
hh,st3d1_3,numeric,10826,98.42,7
hh,st3d1_4,logical,11000,100,1
hh,st3d1_5,logical,11000,100,1
hh,st3d1_6,logical,11000,100,1
hh,st4u_1,numeric,10179,92.54,4
hh,st4u_2,numeric,10845,98.59,4
hh,st4u_3,numeric,9835,89.41,4
hh,st4u_4,numeric,10906,99.15,4
hh,st4u_5,numeric,10984,99.85,3
hh,st4u_6,logical,10995,99.95,2
hh,st4n_1,numeric,10179,92.54,18
hh,st4n_2,numeric,10845,98.59,18
hh,st4n_3,numeric,9835,89.41,18
hh,st4n_4,numeric,10906,99.15,15
hh,st4n_5,numeric,10984,99.85,8
hh,st4n_6,logical,10998,99.98,3
hh,eu1,numeric,2063,18.75,11
hh,eu2,numeric,10971,99.74,4
hh,eu3,numeric,10971,99.74,4
hh,eu4,numeric,10947,99.52,7
hh,eu5,numeric,2093,19.03,8
hh,eu6,numeric,2063,18.75,10
hh,eu7,numeric,4533,41.21,5
hh,eu8,numeric,4150,37.73,18
hh,eu9,numeric,2063,18.75,14
hh,ws1,numeric,2063,18.75,18
hh,ws2,numeric,9002,81.84,15
hh,ws3,numeric,9318,84.71,5
hh,ws4,numeric,9169,83.35,39
hh,ws5,numeric,10156,92.33,9
hh,ws6,numeric,10156,92.33,21
hh,ws7,numeric,2063,18.75,5
hh,ws8,numeric,8148,74.07,7
hh,ws9,numeric,2063,18.75,5
hh,ws10a,character,10953,99.57,2
hh,ws10b,character,10542,95.84,2
hh,ws10c,character,10822,98.38,2
hh,ws10d,character,10951,99.55,2
hh,ws10e,character,10994,99.95,2
hh,ws10f,logical,10973,99.75,2
hh,ws10g,character,10973,99.75,2
hh,ws10x,character,10991,99.92,2
hh,ws10z,character,10996,99.96,2
hh,ws10nr,logical,11000,100,1
hh,ws11,numeric,2063,18.75,10
hh,ws12,numeric,7696,69.96,7
hh,ws13,numeric,9548,86.8,8
hh,ws14,numeric,2118,19.25,5
hh,ws15,numeric,2118,19.25,4
hh,ws16,numeric,10822,98.38,4
hh,ws17,numeric,10888,98.98,9
hh,hw1,numeric,2063,18.75,7
hh,hw2,numeric,3147,28.61,4
hh,hw3,numeric,3147,28.61,4
hh,hw4,numeric,10108,91.89,7
hh,hw5,numeric,9523,86.57,4
hh,hw6,numeric,9748,88.62,4
hh,hw7a,character,3639,33.08,3
hh,hw7b,character,9660,87.82,3
hh,hw7z,character,10918,99.25,3
hh,hw7nr,logical,11000,100,1
hh,wq1,logical,10996,99.96,2
hh,wq2,logical,10896,99.05,2
hh,wq3,logical,10996,99.96,3
hh,wq4,logical,10896,99.05,2
hh,wq5d,logical,10998,99.98,2
hh,wq5m,logical,11000,100,1
hh,wq5y,logical,11000,100,1
hh,wq6,logical,10599,96.35,2
hh,wq8,logical,9405,85.5,2
hh,wq31,logical,9547,86.79,2
hh,wq10h,logical,11000,100,1
hh,wq10m,logical,10815,98.32,3
hh,wq23h,logical,11000,100,1
hh,wq23m,logical,10899,99.08,3
hh,wq11,logical,9546,86.78,2
hh,wq12,logical,9878,89.8,2
hh,wq14,logical,10876,98.87,2
hh,wq15a,logical,11000,100,1
hh,wq15b,logical,11000,100,1
hh,wq15c,logical,11000,100,1
hh,wq15d,logical,11000,100,1
hh,wq15e,logical,11000,100,1
hh,wq15f,logical,10997,99.97,2
hh,wq15g,logical,11000,100,1
hh,wq15x,logical,11000,100,1
hh,wq15z,logical,11000,100,1
hh,wq15nr,logical,11000,100,1
hh,wq16,logical,9708,88.25,2
hh,wq17,logical,11000,100,1
hh,wq18,logical,9643,87.66,2
hh,wq19,logical,9673,87.94,2
hh,wq20,logical,10642,96.75,2
hh,wq21,logical,10647,96.79,2
hh,wq24d,logical,11000,100,1
hh,wq24m,logical,10998,99.98,2
hh,wq24y,logical,11000,100,1
hh,wq25h,logical,11000,100,1
hh,wq25m,logical,10742,97.65,3
hh,wq26,logical,9825,89.32,3
hh,wq27,logical,9824,89.31,3
hh,wq29,logical,10686,97.15,2
hh,hhsex,numeric,2063,18.75,3
hh,hhage,numeric,2063,18.75,80
hh,helevel,numeric,2063,18.75,6
hh,hhweight,numeric,0,0,95
hh,wqhweight,numeric,0,0,90
hh,wqsweight,numeric,0,0,91
hh,wscore,numeric,0,0,8807
hh,windex5,numeric,0,0,6
hh,windex10,numeric,0,0,11
hh,wscoreu,numeric,3237,29.43,5575
hh,windex5u,numeric,3237,29.43,7
hh,windex10u,numeric,3237,29.43,12
hh,wscorer,numeric,5700,51.82,3235
hh,windex5r,numeric,5700,51.82,7
hh,windex10r,numeric,5700,51.82,12
hh,psu,numeric,0,0,500
hh,stratum,numeric,0,0,46
hl,hh1,numeric,0,0,500
hl,hh2,numeric,0,0,22
hl,hl1,numeric,0,0,15
hl,hl3,numeric,0,0,16
hl,hl4,numeric,0,0,2
hl,hl5m,numeric,0,0,14
hl,hl5y,numeric,0,0,104
hl,hl6,numeric,0,0,98
hl,hl8,numeric,0,0,12
hl,hl9,numeric,25673,77.17,13
hl,hl10,numeric,0,0,14
hl,hl11,numeric,0,0,2
hl,hl12,numeric,23881,71.78,5
hl,hl13,numeric,23941,71.96,3
hl,hl14,numeric,24014,72.18,12
hl,hl15,numeric,33197,99.78,6
hl,hl16,numeric,23881,71.78,5
hl,hl17,numeric,24163,72.63,4
hl,hl18,numeric,24711,74.27,9
hl,hl19,numeric,32722,98.35,7
hl,hl20,numeric,23881,71.78,13
hl,ed1,numeric,0,0,15
hl,ed2a,numeric,0,0,98
hl,ed3,numeric,0,0,2
hl,ed4,numeric,1067,3.21,4
hl,ed5a,numeric,5866,17.63,9
hl,ed5b,numeric,7056,21.21,12
hl,ed6,numeric,7086,21.3,5
hl,ed7,numeric,5866,17.63,3
hl,ed8,numeric,22740,68.35,2
hl,ed9,numeric,22740,68.35,4
hl,ed10a,numeric,24876,74.77,13
hl,ed10b,numeric,25899,77.84,11
hl,ed11,numeric,25899,77.84,4
hl,ed12,numeric,25899,77.84,4
hl,ed13a,character,32886,98.85,2
hl,ed13c,logical,33270,100,1
hl,ed13d,logical,33270,100,1
hl,ed13x,character,33262,99.98,2
hl,ed13z,logical,33270,100,1
hl,ed13nr,logical,33270,100,1
hl,ed14,numeric,25899,77.84,4
hl,ed15,numeric,22740,68.35,5
hl,ed16a,numeric,25136,75.55,13
hl,ed16b,numeric,26156,78.62,11
hl,ae1,numeric,0,0,15
hl,ae2b,numeric,0,0,98
hl,ae3a,numeric,0,0,2
hl,ae3,numeric,24541,73.76,5
hl,ae4,numeric,0,0,2
hl,ae5,numeric,7777,23.38,6
hl,ae6,numeric,30294,91.06,4
hl,ae7,numeric,24399,73.34,4
hl,ae8,numeric,26543,79.78,3
hl,ae9,numeric,23731,71.33,4
hl,ae10,numeric,7777,23.38,5
hl,ae11a,character,18551,55.76,2
hl,ae11b,character,31487,94.64,2
hl,ae11c,character,30849,92.72,2
hl,ae11d,character,32820,98.65,2
hl,ae11x,character,33118,99.54,2
hl,hh4,numeric,0,0,24
hl,hh5d,numeric,0,0,31
hl,hh5m,numeric,0,0,2
hl,hh5y,numeric,0,0,1
hl,hh6,numeric,0,0,2
hl,hh7,numeric,0,0,7
hl,mline,numeric,23881,71.78,13
hl,fline,numeric,23881,71.78,10
hl,hhsex,numeric,0,0,2
hl,hhage,numeric,0,0,79
hl,helevel,numeric,0,0,5
hl,melevel,numeric,23882,71.78,6
hl,felevel,numeric,23881,71.78,7
hl,schage,numeric,0,0,103
hl,caretakerdis,numeric,0,0,3
hl,hhweight,numeric,0,0,94
hl,wscore,numeric,0,0,8806
hl,windex5,numeric,0,0,5
hl,windex10,numeric,0,0,10
hl,wscoreu,numeric,12776,38.4,5574
hl,windex5u,numeric,12776,38.4,6
hl,windex10u,numeric,12776,38.4,11
hl,wscorer,numeric,20494,61.6,3234
hl,windex5r,numeric,20494,61.6,6
hl,windex10r,numeric,20494,61.6,11
hl,psu,numeric,0,0,500
hl,stratum,numeric,0,0,46
wm,hh1,numeric,0,0,500
wm,hh2,numeric,0,0,22
wm,ln,numeric,0,0,11
wm,wm1,numeric,0,0,500
wm,wm2,numeric,0,0,22
wm,wm3,numeric,0,0,11
wm,wmint,numeric,66,0.85,133
wm,wm4,numeric,0,0,24
wm,wm5,numeric,66,0.85,133
wm,wm6d,numeric,0,0,31
wm,wm6m,numeric,0,0,3
wm,wm6y,numeric,0,0,1
wm,wm8,numeric,0,0,2
wm,wm9,numeric,0,0,2
wm,wm17,numeric,0,0,7
wm,wm7h,numeric,644,8.27,22
wm,wm7m,numeric,644,8.27,61
wm,wm10h,numeric,650,8.34,22
wm,wm10m,numeric,650,8.34,61
wm,wm11,numeric,650,8.34,4
wm,wm12,numeric,650,8.34,3
wm,wm13,numeric,650,8.34,4
wm,wm14,numeric,650,8.34,4
wm,wm15,numeric,650,8.34,4
wm,wm15a,numeric,4112,52.79,3
wm,wm15b,numeric,4254,54.61,3
wm,wm15c,numeric,4254,54.61,3
wm,wm15d,numeric,4254,54.61,3
wm,wm15e,numeric,6614,84.9,3
wm,wm15g_p1,numeric,6907,88.66,2
wm,wm15j_p1,numeric,6907,88.66,3
wm,wm15g_p2,numeric,7759,99.6,2
wm,wm15j_p2,numeric,7759,99.6,3
wm,wm15g_p3,numeric,7778,99.85,2
wm,wm15j_p3,numeric,7778,99.85,2
wm,wmhint,numeric,66,0.85,133
wm,wb3m,numeric,650,8.34,16
wm,wb3y,numeric,650,8.34,39
wm,wb4,numeric,650,8.34,36
wm,wb5,numeric,650,8.34,3
wm,wb6a,numeric,1087,13.95,7
wm,wb6b,numeric,1092,14.02,12
wm,wb7,numeric,1092,14.02,5
wm,wb9,numeric,5895,75.67,3
wm,wb10a,numeric,6500,83.44,11
wm,wb10b,numeric,6500,83.44,10
wm,wb11,numeric,5895,75.67,3
wm,wb12a,numeric,6430,82.54,10
wm,wb12b,numeric,6430,82.54,10
wm,wb14,numeric,5981,76.78,5
wm,wb15,numeric,650,8.34,52
wm,wb16,numeric,4960,63.67,4
wm,wb17,numeric,4960,63.67,10
wm,wb18,numeric,650,8.34,4
wm,mt1,numeric,650,8.34,6
wm,mt2,numeric,650,8.34,6
wm,mt3,numeric,650,8.34,6
wm,mt4,numeric,650,8.34,4
wm,mt5,numeric,4714,60.51,6
wm,mt6a,numeric,5775,74.13,4
wm,mt6b,numeric,5775,74.13,4
wm,mt6c,numeric,5775,74.13,4
wm,mt6d,numeric,5775,74.13,4
wm,mt6e,numeric,5775,74.13,4
wm,mt6f,numeric,5775,74.13,4
wm,mt6g,numeric,5775,74.13,4
wm,mt6h,numeric,5775,74.13,4
wm,mt6i,numeric,5775,74.13,4
wm,mt9,numeric,939,12.05,4
wm,mt10,numeric,3099,39.78,6
wm,mt11,numeric,650,8.34,4
wm,mt12,numeric,650,8.34,6
wm,ma1,numeric,650,8.34,4
wm,ma2,numeric,4056,52.07,60
wm,ma5,numeric,4384,56.28,4
wm,ma6,numeric,7558,97.02,4
wm,ma7,numeric,3824,49.09,4
wm,ma8m,numeric,3824,49.09,15
wm,ma8y,numeric,3824,49.09,38
wm,ma11,numeric,7694,98.77,21
wm,cm1,numeric,3824,49.09,3
wm,cm2,numeric,4145,53.21,3
wm,cm3,numeric,4209,54.03,8
wm,cm4,numeric,4209,54.03,7
wm,cm5,numeric,4145,53.21,3
wm,cm6,numeric,7570,97.18,5
wm,cm7,numeric,7570,97.18,6
wm,cm8,numeric,3824,49.09,3
wm,cm9,numeric,7634,98,5
wm,cm10,numeric,7634,98,4
wm,cm11,numeric,3824,49.09,12
wm,cm12,numeric,3824,49.09,3
wm,cm15,numeric,4163,53.44,2
wm,cm17,numeric,4163,53.44,3
wm,bh11,numeric,4163,53.44,2
wm,db2,numeric,7157,91.87,3
wm,db4,numeric,7629,97.93,4
wm,mn2,numeric,7157,91.87,3
wm,mn3a,character,7255,93.13,2
wm,mn3b,character,7593,97.47,2
wm,mn3f,logical,7787,99.96,2
wm,mn3x,logical,7790,100,1
wm,mn3nr,logical,7790,100,1
wm,mn4au,numeric,7214,92.61,3
wm,mn4an,numeric,7214,92.61,14
wm,mn5,numeric,7214,92.61,22
wm,mn6a,numeric,7214,92.61,3
wm,mn6b,numeric,7214,92.61,3
wm,mn6c,numeric,7214,92.61,4
wm,mn8,numeric,7157,91.87,4
wm,mn9,numeric,7562,97.07,8
wm,mn11,numeric,7229,92.8,5
wm,mn12,numeric,7602,97.59,8
wm,mn14,numeric,7602,97.59,23
wm,mn19a,character,7363,94.52,2
wm,mn19b,character,7383,94.78,2
wm,mn19f,logical,7783,99.91,2
wm,mn19h,logical,7790,100,1
wm,mn19x,logical,7790,100,1
wm,mn19y,logical,7790,100,1
wm,mn19nr,logical,7790,100,1
wm,mn20,numeric,7157,91.87,10
wm,mn21,numeric,7166,91.99,4
wm,mn22,numeric,7532,96.69,4
wm,mn23,numeric,7157,91.87,5
wm,mn24,numeric,7410,95.12,4
wm,mn25,numeric,7157,91.87,4
wm,mn26u,numeric,7157,91.87,5
wm,mn26n,numeric,7157,91.87,23
wm,mn28,numeric,7781,99.88,5
wm,mn29,numeric,7781,99.88,5
wm,mn30,numeric,7157,91.87,5
wm,mn31a,character,7753,99.53,2
wm,mn31b,character,7293,93.62,2
wm,mn31x,character,7776,99.82,2
wm,mn31z,character,7771,99.76,2
wm,mn31nr,logical,7790,100,1
wm,mn32,numeric,7157,91.87,8
wm,mn33,numeric,7157,91.87,5
wm,mn34a,numeric,7195,92.36,3
wm,mn34,numeric,7195,92.36,83
wm,mn35,numeric,7157,91.87,4
wm,mn36,numeric,7157,91.87,4
wm,mn37u,numeric,7202,92.45,4
wm,mn37n,numeric,7202,92.45,21
wm,mn38,numeric,7202,92.45,3
wm,mn39a,character,7729,99.22,3
wm,mn39b,character,7740,99.36,3
wm,mn39c,character,7767,99.7,3
wm,mn39d,character,7780,99.87,3
wm,mn39e,character,7777,99.83,3
wm,mn39f,character,7782,99.9,2
wm,mn39g,character,7671,98.47,3
wm,mn39h,character,7755,99.55,3
wm,mn39i,character,7781,99.88,3
wm,mn39j,character,7771,99.76,3
wm,mn39x,character,7774,99.79,3
wm,mn39y,character,7780,99.87,3
wm,mn39nr,character,7782,99.9,2
wm,pn3u,numeric,7166,91.99,4
wm,pn3n,numeric,7166,91.99,24
wm,pn4,numeric,7166,91.99,4
wm,pn5,numeric,7166,91.99,3
wm,pn6,numeric,7166,91.99,3
wm,pn8,numeric,7786,99.95,4
wm,pn9,numeric,7786,99.95,4
wm,pn10,numeric,7786,99.95,4
wm,pn11,logical,7785,99.94,2
wm,pn12,numeric,7432,95.4,4
wm,pn13u,numeric,7432,95.4,4
wm,pn13n,numeric,7432,95.4,17
wm,pn14a,character,7447,95.6,2
wm,pn14b,character,7744,99.41,2
wm,pn14f,logical,7789,99.99,2
wm,pn14h,logical,7790,100,1
wm,pn14x,logical,7790,100,1
wm,pn14nr,logical,7790,100,1
wm,pn15,numeric,7432,95.4,8
wm,pn17,numeric,7166,91.99,3
wm,pn19,numeric,7786,99.95,4
wm,pn20,logical,7788,99.97,2
wm,pn21,numeric,7572,97.2,4
wm,pn22u,numeric,7572,97.2,4
wm,pn22n,numeric,7572,97.2,15
wm,pn23a,character,7617,97.78,2
wm,pn23b,character,7722,99.13,2
wm,pn23f,logical,7788,99.97,2
wm,pn23h,logical,7790,100,1
wm,pn23x,logical,7790,100,1
wm,pn23nr,logical,7790,100,1
wm,pn24,numeric,7572,97.2,7
wm,pn25a,numeric,7157,91.87,5
wm,pn25b,numeric,7157,91.87,5
wm,pn25c,numeric,7157,91.87,5
wm,pn27,numeric,7202,92.45,4
wm,pn29,numeric,7157,91.87,4
wm,pn30,numeric,7157,91.87,4
wm,cp1,numeric,4062,52.14,5
wm,cp2,numeric,4224,54.22,4
wm,cp3,numeric,6077,78.01,4
wm,cp4a,character,7723,99.14,3
wm,cp4b,character,7773,99.78,3
wm,cp4c,character,6865,88.13,3
wm,cp4d,character,7718,99.08,3
wm,cp4e,character,7675,98.52,3
wm,cp4f,character,6587,84.56,3
wm,cp4g,character,7699,98.83,3
wm,cp4h,character,7774,99.79,3
wm,cp4i,character,7780,99.87,3
wm,cp4j,character,7774,99.79,3
wm,cp4k,character,7757,99.58,3
wm,cp4l,character,7537,96.75,3
wm,cp4m,character,7759,99.6,3
wm,cp4x,character,7758,99.59,3
wm,cp4nr,character,7782,99.9,2
wm,un2,numeric,7628,97.92,3
wm,un4,numeric,7749,99.47,3
wm,un5,numeric,7628,97.92,4
wm,un7,numeric,4282,54.97,6
wm,un8u,numeric,7192,92.32,4
wm,un8n,numeric,7192,92.32,20
wm,un11,numeric,6416,82.36,5
wm,un12a,character,7732,99.26,3
wm,un12b,character,7653,98.24,3
wm,un12c,character,7766,99.69,3
wm,un12d,character,7755,99.55,3
wm,un12e,character,7743,99.4,3
wm,un12f,character,7770,99.74,3
wm,un12g,character,7744,99.41,3
wm,un12h,character,7692,98.74,3
wm,un12i,character,7571,97.19,3
wm,un12x,character,7637,98.04,3
wm,un12z,character,7727,99.19,3
wm,un12nr,character,7777,99.83,2
wm,un14u,numeric,661,8.49,6
wm,un14n,numeric,661,8.49,36
wm,un16,numeric,956,12.27,5
wm,un17,numeric,956,12.27,5
wm,un18,numeric,956,12.27,5
wm,un19,numeric,1478,18.97,4
wm,dv1a,numeric,650,8.34,5
wm,dv1b,numeric,650,8.34,5
wm,dv1c,numeric,650,8.34,5
wm,dv1d,numeric,650,8.34,5
wm,dv1e,numeric,650,8.34,5
wm,vt1,numeric,650,8.34,5
wm,vt2,numeric,7658,98.31,5
wm,vt3,numeric,7717,99.06,4
wm,vt5,numeric,7658,98.31,4
wm,vt6,numeric,7658,98.31,4
wm,vt7a,character,7751,99.5,3
wm,vt7b,logical,7790,100,1
wm,vt7x,logical,7790,100,1
wm,vt7nr,logical,7790,100,1
wm,vt8,numeric,7658,98.31,5
wm,vt9,numeric,650,8.34,5
wm,vt10,numeric,7724,99.15,4
wm,vt11,numeric,7754,99.54,6
wm,vt12,numeric,7724,99.15,8
wm,vt13,numeric,7724,99.15,6
wm,vt14,numeric,7724,99.15,4
wm,vt17,numeric,7724,99.15,5
wm,vt18a,logical,7790,100,1
wm,vt18b,logical,7790,100,1
wm,vt18x,logical,7790,100,1
wm,vt18nr,logical,7790,100,1
wm,vt19,numeric,7724,99.15,6
wm,vt20,numeric,650,8.34,7
wm,vt21,numeric,650,8.34,7
wm,vt22a,numeric,650,8.34,5
wm,vt22b,numeric,650,8.34,5
wm,vt22c,numeric,650,8.34,5
wm,vt22d,numeric,650,8.34,5
wm,vt22e,numeric,650,8.34,5
wm,vt22f,numeric,650,8.34,5
wm,vt22x,numeric,650,8.34,5
wm,af2,numeric,1325,17.01,4
wm,af3,numeric,1325,17.01,4
wm,af6,numeric,1325,17.01,6
wm,af8,numeric,1325,17.01,6
wm,af9,numeric,1325,17.01,6
wm,af10,numeric,1325,17.01,6
wm,af11,numeric,1325,17.01,6
wm,af12,numeric,1325,17.01,5
wm,ha1,numeric,650,8.34,4
wm,ha2,numeric,1862,23.9,5
wm,ha3,numeric,1862,23.9,5
wm,ha4,numeric,1862,23.9,5
wm,ha5,numeric,1862,23.9,5
wm,ha6,numeric,1862,23.9,5
wm,ha7,numeric,1862,23.9,5
wm,ha8a,numeric,1862,23.9,5
wm,ha8b,numeric,1862,23.9,5
wm,ha8c,numeric,1862,23.9,5
wm,ha10,numeric,3902,50.09,5
wm,ha13a,numeric,7296,93.66,5
wm,ha13b,numeric,7296,93.66,5
wm,ha13c,numeric,7296,93.66,5
wm,ha13d,numeric,7296,93.66,5
wm,ha14,numeric,7296,93.66,5
wm,ha15,numeric,7750,99.49,3
wm,ha16,numeric,7753,99.53,3
wm,ha18,numeric,7266,93.27,4
wm,ha19,numeric,7266,93.27,5
wm,ha20,numeric,7769,99.73,3
wm,ha22,numeric,7742,99.38,3
wm,ha23,numeric,7750,99.49,5
wm,ha24,numeric,1910,24.52,4
wm,ha25,numeric,7540,96.79,5
wm,ha26,numeric,7540,96.79,5
wm,ha27,numeric,2152,27.63,4
wm,ha28,numeric,1862,23.9,4
wm,ha29,numeric,7276,93.4,4
wm,ha30,numeric,1862,23.9,5
wm,ha31,numeric,1862,23.9,5
wm,ha32,numeric,1862,23.9,5
wm,ha33,numeric,1862,23.9,5
wm,ha34,numeric,1862,23.9,5
wm,ha35,numeric,1862,23.9,5
wm,ha36,numeric,1862,23.9,6
wm,ta1,numeric,650,8.34,4
wm,ta2,numeric,7565,97.11,33
wm,ta3,numeric,7580,97.3,3
wm,ta4,numeric,7723,99.14,23
wm,ta5,numeric,7723,99.14,6
wm,ta6,numeric,650,8.34,4
wm,ta7,numeric,7641,98.09,3
wm,ta8a,logical,7790,100,1
wm,ta8b,character,7776,99.82,2
wm,ta8c,logical,7790,100,1
wm,ta8d,logical,7790,100,1
wm,ta8x,logical,7790,100,1
wm,ta8nr,logical,7790,100,1
wm,ta9,numeric,7771,99.76,9
wm,ta10,numeric,650,8.34,4
wm,ta11,numeric,7747,99.45,4
wm,ta12b,character,7786,99.95,2
wm,ta12x,logical,7790,100,1
wm,ta12nr,logical,7790,100,1
wm,ta13,numeric,7786,99.95,3
wm,ta14,numeric,650,8.34,4
wm,ta15,numeric,7747,99.45,16
wm,ta16,numeric,7748,99.46,5
wm,ta17,numeric,7783,99.91,5
wm,hh4,numeric,650,8.34,25
wm,hh6,numeric,650,8.34,3
wm,hh7,numeric,650,8.34,8
wm,wdoi,numeric,650,8.34,3
wm,wdob,numeric,650,8.34,421
wm,wage,numeric,650,8.34,8
wm,wdom,numeric,3830,49.17,370
wm,wagem,numeric,3830,49.17,40
wm,wdobfc,numeric,4182,53.68,368
wm,wdoblc,numeric,4182,53.68,292
wm,bh3_first,numeric,4182,53.68,3
wm,bh3_last,numeric,4182,53.68,3
wm,mstatus,numeric,650,8.34,5
wm,ceb,numeric,650,8.34,12
wm,csurv,numeric,650,8.34,12
wm,cdead,numeric,650,8.34,6
wm,ae10,numeric,650,8.34,5
wm,insurance,numeric,650,8.34,4
wm,disability,numeric,1325,17.01,3
wm,welevel,numeric,650,8.34,5
wm,wmweight,numeric,0,0,88
wm,wscore,numeric,0,0,5519
wm,windex5,numeric,0,0,6
wm,windex10,numeric,0,0,11
wm,wscoreu,numeric,2721,34.93,3413
wm,windex5u,numeric,2721,34.93,7
wm,windex10u,numeric,2721,34.93,12
wm,wscorer,numeric,4419,56.73,2109
wm,windex5r,numeric,4419,56.73,7
wm,windex10r,numeric,4419,56.73,12
wm,psu,numeric,0,0,500
wm,stratum,numeric,0,0,46
mn,hh1,numeric,0,0,472
mn,hh2,numeric,0,0,5
mn,ln,numeric,0,0,11
mn,mwm1,numeric,0,0,472
mn,mwm2,numeric,0,0,5
mn,mwm3,numeric,0,0,11
mn,mwmint,numeric,36,2.12,129
mn,mwm4,numeric,0,0,24
mn,mwm5,numeric,36,2.12,129
mn,mwm6d,numeric,0,0,31
mn,mwm6m,numeric,0,0,2
mn,mwm6y,numeric,0,0,1
mn,mwm8,numeric,0,0,2
mn,mwm9,numeric,0,0,2
mn,mwm17,numeric,0,0,6
mn,mwm7h,numeric,300,17.7,17
mn,mwm7m,numeric,300,17.7,61
mn,mwm10h,numeric,300,17.7,18
mn,mwm10m,numeric,300,17.7,61
mn,mwm11,numeric,300,17.7,4
mn,mwm12,numeric,300,17.7,2
mn,mwm13,numeric,300,17.7,3
mn,mwm14,numeric,300,17.7,4
mn,mwm15,numeric,300,17.7,4
mn,mwm15a,numeric,509,30.03,3
mn,mwm15b,numeric,549,32.39,3
mn,mwm15c,numeric,549,32.39,3
mn,mwm15d,numeric,1334,78.7,3
mn,mwm15e,numeric,1395,82.3,3
mn,mwm15g_p1,numeric,1428,84.25,2
mn,mwm15j_p1,numeric,1428,84.25,3
mn,mwm15g_p2,numeric,1683,99.29,2
mn,mwm15j_p2,numeric,1683,99.29,3
mn,mwm15g_p3,numeric,1690,99.71,2
mn,mwm15j_p3,numeric,1690,99.71,2
mn,mwmhint,numeric,36,2.12,129
mn,mwb1,logical,1695,100,1
mn,mwb2,logical,1695,100,1
mn,mwb3m,numeric,300,17.7,15
mn,mwb3y,numeric,300,17.7,39
mn,mwb4,numeric,300,17.7,36
mn,mwb5,numeric,300,17.7,3
mn,mwb6a,numeric,322,19,7
mn,mwb6b,numeric,323,19.06,10
mn,mwb7,numeric,323,19.06,4
mn,mwb9,numeric,1278,75.4,3
mn,mwb10a,numeric,1481,87.37,9
mn,mwb10b,numeric,1481,87.37,9
mn,mwb11,numeric,1278,75.4,3
mn,mwb12a,numeric,1465,86.43,8
mn,mwb12b,numeric,1465,86.43,10
mn,mwb14,numeric,1398,82.48,5
mn,mwb15,numeric,300,17.7,49
mn,mwb16,numeric,1376,81.18,4
mn,mwb17,numeric,1376,81.18,10
mn,mwb18,numeric,300,17.7,4
mn,mmt1,numeric,300,17.7,5
mn,mmt2,numeric,300,17.7,6
mn,mmt3,numeric,300,17.7,6
mn,mmt4,numeric,300,17.7,4
mn,mmt5,numeric,1027,60.59,6
mn,mmt6a,numeric,1286,75.87,3
mn,mmt6b,numeric,1286,75.87,4
mn,mmt6c,numeric,1286,75.87,4
mn,mmt6d,numeric,1286,75.87,4
mn,mmt6e,numeric,1286,75.87,4
mn,mmt6f,numeric,1286,75.87,4
mn,mmt6g,numeric,1286,75.87,4
mn,mmt6h,numeric,1286,75.87,4
mn,mmt6i,numeric,1286,75.87,4
mn,mmt9,numeric,343,20.24,4
mn,mmt10,numeric,628,37.05,6
mn,mmt11,numeric,300,17.7,3
mn,mmt12,numeric,300,17.7,6
mn,mcm1,numeric,1163,68.61,3
mn,mcm2,numeric,1223,72.15,3
mn,mcm3,numeric,1230,72.57,6
mn,mcm4,numeric,1230,72.57,7
mn,mcm5,numeric,1223,72.15,3
mn,mcm6,numeric,1677,98.94,5
mn,mcm7,numeric,1677,98.94,4
mn,mcm8,numeric,1163,68.61,3
mn,mcm9,numeric,1674,98.76,5
mn,mcm10,numeric,1674,98.76,4
mn,mcm11,numeric,1163,68.61,10
mn,mcm12,numeric,1163,68.61,2
mn,mcm15,numeric,1311,77.35,3
mn,mcm16,logical,1695,100,1
mn,mcm17,numeric,1311,77.35,27
mn,mcm18m,numeric,1221,72.04,15
mn,mcm18y,numeric,1221,72.04,22
mn,mdv1a,numeric,300,17.7,5
mn,mdv1b,numeric,300,17.7,5
mn,mdv1c,numeric,300,17.7,5
mn,mdv1d,numeric,300,17.7,5
mn,mdv1e,numeric,300,17.7,5
mn,mvt1,numeric,300,17.7,4
mn,mvt2,numeric,1645,97.05,4
mn,mvt3,numeric,1675,98.82,3
mn,mvt5,numeric,1645,97.05,3
mn,mvt6,numeric,1645,97.05,4
mn,mvt7a,character,1673,98.7,2
mn,mvt7b,character,1694,99.94,2
mn,mvt7x,character,1692,99.82,2
mn,mvt7nr,logical,1695,100,1
mn,mvt8,numeric,1645,97.05,5
mn,mvt9,numeric,300,17.7,5
mn,mvt10,numeric,1674,98.76,4
mn,mvt11,numeric,1684,99.35,3
mn,mvt12,numeric,1674,98.76,6
mn,mvt13,numeric,1674,98.76,4
mn,mvt14,numeric,1674,98.76,3
mn,mvt17,numeric,1674,98.76,3
mn,mvt18a,character,1690,99.71,2
mn,mvt18b,logical,1695,100,1
mn,mvt18x,character,1694,99.94,2
mn,mvt18nr,logical,1695,100,1
mn,mvt19,numeric,1674,98.76,3
mn,mvt20,numeric,300,17.7,6
mn,mvt21,numeric,300,17.7,5
mn,mvt22a,numeric,300,17.7,4
mn,mvt22b,numeric,300,17.7,4
mn,mvt22c,numeric,300,17.7,5
mn,mvt22d,numeric,300,17.7,4
mn,mvt22e,numeric,300,17.7,4
mn,mvt22f,numeric,300,17.7,5
mn,mvt22x,numeric,300,17.7,5
mn,mma1,numeric,300,17.7,4
mn,mma5,numeric,818,48.26,4
mn,mma6,numeric,1681,99.17,3
mn,mma7,numeric,1163,68.61,3
mn,mma8m,numeric,1163,68.61,15
mn,mma8y,numeric,1163,68.61,31
mn,mma11,numeric,1682,99.23,3
mn,maf2,numeric,428,25.25,4
mn,maf3,numeric,428,25.25,4
mn,maf6,numeric,428,25.25,6
mn,maf8,numeric,428,25.25,5
mn,maf9,numeric,428,25.25,6
mn,maf10,numeric,428,25.25,5
mn,maf11,numeric,428,25.25,6
mn,maf12,numeric,428,25.25,5
mn,mha1,numeric,300,17.7,4
mn,mha2,numeric,565,33.33,5
mn,mha3,numeric,565,33.33,5
mn,mha4,numeric,565,33.33,5
mn,mha5,numeric,565,33.33,5
mn,mha6,numeric,565,33.33,5
mn,mha7,numeric,565,33.33,5
mn,mha8a,numeric,565,33.33,5
mn,mha8b,numeric,565,33.33,5
mn,mha8c,numeric,565,33.33,5
mn,mha10,numeric,1114,65.72,4
mn,mha24,numeric,565,33.33,5
mn,mha25,numeric,1657,97.76,5
mn,mha26,numeric,1657,97.76,3
mn,mha27,numeric,603,35.58,5
mn,mha28,numeric,565,33.33,4
mn,mha29,numeric,1590,93.81,4
mn,mha30,numeric,565,33.33,5
mn,mha31,numeric,565,33.33,5
mn,mha32,numeric,565,33.33,5
mn,mha33,numeric,565,33.33,5
mn,mha34,numeric,565,33.33,5
mn,mha35,numeric,565,33.33,5
mn,mha36,numeric,565,33.33,5
mn,mta1,numeric,300,17.7,4
mn,mta2,numeric,907,53.51,33
mn,mta3,numeric,918,54.16,4
mn,mta4,numeric,1069,63.07,32
mn,mta5,numeric,1069,63.07,12
mn,mta6,numeric,300,17.7,4
mn,mta7,numeric,1341,79.12,3
mn,mta8a,character,1690,99.71,2
mn,mta8b,character,1627,95.99,2
mn,mta8c,logical,1695,100,1
mn,mta8d,character,1690,99.71,2
mn,mta8x,character,1692,99.82,2
mn,mta8nr,logical,1695,100,1
mn,mta9,numeric,1621,95.63,11
mn,mta10,numeric,300,17.7,4
mn,mta11,numeric,1604,94.63,3
mn,mta12b,character,1679,99.06,2
mn,mta12x,character,1694,99.94,2
mn,mta12nr,logical,1695,100,1
mn,mta13,numeric,1678,99,7
mn,mta14,numeric,300,17.7,4
mn,mta15,numeric,1423,83.95,28
mn,mta16,numeric,1446,85.31,12
mn,mta17,numeric,1607,94.81,22
mn,hh4,numeric,300,17.7,25
mn,hh6,numeric,300,17.7,3
mn,hh7,numeric,300,17.7,8
mn,mwdoi,numeric,300,17.7,2
mn,mwdob,numeric,300,17.7,403
mn,mwage,numeric,300,17.7,8
mn,mwdom,numeric,1163,68.61,189
mn,mwagem,numeric,1163,68.61,32
mn,mmstatus,numeric,300,17.7,5
mn,ae10,numeric,0,0,4
mn,mnweight,numeric,0,0,81
mn,wscore,numeric,0,0,1100
mn,windex5,numeric,0,0,6
mn,windex10,numeric,0,0,11
mn,wscoreu,numeric,554,32.68,663
mn,windex5u,numeric,554,32.68,7
mn,windex10u,numeric,554,32.68,12
mn,wscorer,numeric,841,49.62,440
mn,windex5r,numeric,841,49.62,7
mn,windex10r,numeric,841,49.62,12
mn,mwelevel,numeric,300,17.7,6
mn,minsurance,numeric,300,17.7,4
mn,mdisability,numeric,428,25.25,3
mn,psu,numeric,0,0,472
mn,stratum,numeric,0,0,45
bh,hh1,numeric,0,0,500
bh,hh2,numeric,0,0,22
bh,ln,numeric,0,0,11
bh,bhln,numeric,0,0,10
bh,wm1,numeric,0,0,500
bh,wm2,numeric,0,0,22
bh,wm3,numeric,0,0,11
bh,wmint,numeric,0,0,131
bh,bh0,numeric,0,0,10
bh,bh2,numeric,0,0,2
bh,bh3,numeric,0,0,2
bh,bh4d,numeric,0,0,34
bh,bh4m,numeric,0,0,15
bh,bh4y,numeric,0,0,36
bh,bh5,numeric,0,0,2
bh,bh6,numeric,183,1.94,35
bh,bh7,numeric,183,1.94,3
bh,bh8,numeric,183,1.94,16
bh,bh9u,numeric,9232,98.06,4
bh,bh9n,numeric,9232,98.06,22
bh,bh10,numeric,0,0,2
bh,bh4c,numeric,0,0,374
bh,bh4f,numeric,0,0,6
bh,bh9c,numeric,9232,98.06,26
bh,bh9f,numeric,9232,98.06,3
bh,hh4,numeric,0,0,24
bh,hh6,numeric,0,0,2
bh,hh7,numeric,0,0,7
bh,wdoi,numeric,0,0,1
bh,wdob,numeric,0,0,338
bh,welevel,numeric,0,0,4
bh,insurance,numeric,0,0,3
bh,disability,numeric,0,0,2
bh,brthord,numeric,0,0,4
bh,magebrt,numeric,0,0,3
bh,birthint,numeric,0,0,5
bh,wmweight,numeric,0,0,87
bh,wscore,numeric,0,0,3570
bh,windex5,numeric,0,0,5
bh,windex10,numeric,0,0,10
bh,wscoreu,numeric,3907,41.5,2174
bh,windex5u,numeric,3907,41.5,6
bh,windex10u,numeric,3907,41.5,11
bh,wscorer,numeric,5508,58.5,1398
bh,windex5r,numeric,5508,58.5,6
bh,windex10r,numeric,5508,58.5,11
bh,psu,numeric,0,0,500
bh,stratum,numeric,0,0,46
ch,hh1,numeric,0,0,472
ch,hh2,numeric,0,0,22
ch,ln,numeric,0,0,13
ch,uf1,numeric,0,0,472
ch,uf2,numeric,0,0,22
ch,uf3,numeric,0,0,13
ch,ufint,numeric,0,0,129
ch,uf4,numeric,0,0,11
ch,uf5,numeric,0,0,129
ch,uf6,numeric,0,0,7
ch,uf7d,numeric,0,0,31
ch,uf7m,numeric,0,0,2
ch,uf7y,numeric,0,0,1
ch,uf9,numeric,0,0,2
ch,uf10,numeric,0,0,2
ch,uf17,numeric,0,0,6
ch,uf8h,numeric,0,0,17
ch,uf8m,numeric,0,0,60
ch,uf11h,numeric,111,5.45,18
ch,uf11m,numeric,111,5.45,61
ch,uf12,numeric,111,5.45,3
ch,uf13,numeric,111,5.45,4
ch,uf14,numeric,111,5.45,4
ch,uf15,numeric,111,5.45,4
ch,uf15a,numeric,1581,77.61,3
ch,uf15b,numeric,1601,78.6,2
ch,uf15c,numeric,1601,78.6,4
ch,uf15d,numeric,1601,78.6,4
ch,uf15e,numeric,1902,93.37,3
ch,uf15g_p1,numeric,1902,93.37,2
ch,uf15j_p1,numeric,1902,93.37,3
ch,uf15g_p2,numeric,2031,99.71,2
ch,uf15j_p2,numeric,2031,99.71,3
ch,uf15g_p3,numeric,2035,99.9,2
ch,uf15j_p3,numeric,2035,99.9,3
ch,ufhint,numeric,0,0,129
ch,ub1d,numeric,111,5.45,34
ch,ub1m,numeric,111,5.45,14
ch,ub1y,numeric,111,5.45,7
ch,ub2,numeric,111,5.45,6
ch,ub6,numeric,1116,54.79,4
ch,ub6a,numeric,1555,76.34,5
ch,ub7,numeric,1555,76.34,3
ch,ub8,numeric,1587,77.91,3
ch,ub9,numeric,111,5.45,4
ch,ub10a,character,987,48.45,3
ch,ub10d,character,1999,98.13,3
ch,ub10e,character,1988,97.59,3
ch,ub10f,character,1667,81.84,3
ch,ub10x,character,2024,99.36,3
ch,ub10nr,character,2035,99.9,2
ch,br1,numeric,111,5.45,6
ch,br2,numeric,1951,95.78,3
ch,br3,numeric,2034,99.85,3
ch,ec1,numeric,111,5.45,12
ch,ec2a,numeric,111,5.45,5
ch,ec2b,numeric,111,5.45,3
ch,ec2c,numeric,111,5.45,4
ch,ec3a,numeric,111,5.45,11
ch,ec3b,numeric,111,5.45,10
ch,ec5aa,character,1298,63.72,3
ch,ec5ab,character,1678,82.38,3
ch,ec5ax,character,1890,92.78,3
ch,ec5ay,character,1559,76.53,3
ch,ec5anr,character,2030,99.66,2
ch,ec5ba,character,1254,61.56,3
ch,ec5bb,character,1689,82.92,3
ch,ec5bx,character,1880,92.29,3
ch,ec5by,character,1621,79.58,3
ch,ec5bnr,character,2031,99.71,2
ch,ec5ca,character,1066,52.33,3
ch,ec5cb,character,1666,81.79,3
ch,ec5cx,character,1855,91.07,3
ch,ec5cy,character,1789,87.83,3
ch,ec5cnr,character,2034,99.85,2
ch,ec5da,character,1135,55.72,3
ch,ec5db,character,1330,65.29,3
ch,ec5dx,character,1852,90.92,3
ch,ec5dy,character,1768,86.79,3
ch,ec5dnr,character,2034,99.85,2
ch,ec5ea,character,970,47.62,2
ch,ec5eb,character,1258,61.76,2
ch,ec5ex,character,1646,80.81,2
ch,ec5ey,character,1949,95.68,2
ch,ec5enr,logical,2037,100,1
ch,ec5fa,character,1046,51.35,3
ch,ec5fb,character,1486,72.95,3
ch,ec5fx,character,1790,87.87,3
ch,ec5fy,character,1826,89.64,3
ch,ec5fnr,character,2035,99.9,2
ch,ec21,numeric,737,36.18,4
ch,ec22,numeric,737,36.18,4
ch,ec23,numeric,737,36.18,4
ch,ec24,numeric,737,36.18,4
ch,ec25,numeric,737,36.18,4
ch,ec26,numeric,737,36.18,4
ch,ec27,numeric,875,42.96,3
ch,ec28,numeric,737,36.18,5
ch,ec29,numeric,737,36.18,4
ch,ec30,numeric,737,36.18,4
ch,ec31,numeric,737,36.18,4
ch,ec32,numeric,737,36.18,4
ch,ec33,numeric,737,36.18,4
ch,ec34,numeric,737,36.18,4
ch,ec35,numeric,737,36.18,5
ch,ec36,numeric,737,36.18,4
ch,ec37,numeric,737,36.18,4
ch,ec38,numeric,737,36.18,4
ch,ec39,numeric,737,36.18,7
ch,ec40,numeric,737,36.18,7
ch,ucd2a,numeric,383,18.8,3
ch,ucd2b,numeric,383,18.8,4
ch,ucd2c,numeric,383,18.8,4
ch,ucd2d,numeric,383,18.8,4
ch,ucd2e,numeric,383,18.8,4
ch,ucd2f,numeric,383,18.8,4
ch,ucd2g,numeric,383,18.8,4
ch,ucd2h,numeric,383,18.8,4
ch,ucd2i,numeric,383,18.8,4
ch,ucd2j,numeric,383,18.8,4
ch,ucd2k,numeric,383,18.8,4
ch,ucd3,logical,2037,100,1
ch,ucd4,numeric,631,30.98,3
ch,ucd5,numeric,869,42.66,4
ch,ucf2,numeric,737,36.18,4
ch,ucf3,numeric,737,36.18,4
ch,ucf4,numeric,737,36.18,4
ch,ucf7,numeric,737,36.18,6
ch,ucf9,numeric,737,36.18,5
ch,ucf11,numeric,2008,98.58,3
ch,ucf12,numeric,2008,98.58,4
ch,ucf13,numeric,766,37.6,5
ch,ucf14,numeric,737,36.18,5
ch,ucf15,numeric,737,36.18,5
ch,ucf16,numeric,737,36.18,4
ch,ucf17,numeric,737,36.18,5
ch,ucf18,numeric,737,36.18,4
ch,bd2,numeric,1032,50.66,4
ch,bd3,numeric,1158,56.85,4
ch,bd4,numeric,1411,69.27,3
ch,bd5,numeric,1411,69.27,4
ch,bd6,numeric,1411,69.27,3
ch,bd7a,numeric,1411,69.27,4
ch,bd7b,numeric,1411,69.27,3
ch,bd7c,numeric,1411,69.27,4
ch,bd7d,numeric,1411,69.27,4
ch,bd7d1,numeric,1894,92.98,10
ch,bd7e,numeric,1411,69.27,4
ch,bd7e1,numeric,1786,87.68,10
ch,bd7x,numeric,1411,69.27,5
ch,bd8a,numeric,1411,69.27,3
ch,bd8a1,numeric,1658,81.39,9
ch,bd8b,numeric,1411,69.27,4
ch,bd8c,numeric,1411,69.27,3
ch,bd8d,numeric,1411,69.27,4
ch,bd8e,numeric,1411,69.27,4
ch,bd8f,numeric,1411,69.27,4
ch,bd8g,numeric,1411,69.27,4
ch,bd8h,numeric,1411,69.27,5
ch,bd8i,numeric,1411,69.27,5
ch,bd8j,numeric,1411,69.27,4
ch,bd8k,numeric,1411,69.27,5
ch,bd8l,numeric,1411,69.27,4
ch,bd8m,numeric,1411,69.27,4
ch,bd8n,numeric,1411,69.27,4
ch,bd8x,numeric,1411,69.27,5
ch,bd9,numeric,1411,69.27,11
ch,bd8dummy,numeric,1411,69.27,2
ch,im2,numeric,1032,50.66,4
ch,im3,numeric,1943,95.39,4
ch,im4a,numeric,1943,95.39,4
ch,im4b,numeric,1126,55.28,4
ch,im5,numeric,1126,55.28,7
ch,im6bd,numeric,1344,65.98,34
ch,im6bm,numeric,1344,65.98,15
ch,im6by,numeric,1344,65.98,7
ch,im6vhb0d,numeric,1344,65.98,34
ch,im6vhb0m,numeric,1344,65.98,15
ch,im6vhb0y,numeric,1344,65.98,7
ch,im6penta1d,numeric,1344,65.98,34
ch,im6penta1m,numeric,1344,65.98,15
ch,im6penta1y,numeric,1344,65.98,7
ch,im6vpi1d,numeric,1344,65.98,34
ch,im6vpi1m,numeric,1344,65.98,15
ch,im6vpi1y,numeric,1344,65.98,8
ch,im6vpc1d,numeric,1344,65.98,34
ch,im6vpc1m,numeric,1344,65.98,15
ch,im6vpc1y,numeric,1344,65.98,7
ch,im6penta2d,numeric,1344,65.98,34
ch,im6penta2m,numeric,1344,65.98,15
ch,im6penta2y,numeric,1344,65.98,7
ch,im6vpi2d,numeric,1344,65.98,34
ch,im6vpi2m,numeric,1344,65.98,15
ch,im6vpi2y,numeric,1344,65.98,7
ch,im6vpc2d,numeric,1344,65.98,35
ch,im6vpc2m,numeric,1344,65.98,16
ch,im6vpc2y,numeric,1344,65.98,9
ch,im6penta3d,numeric,1344,65.98,35
ch,im6penta3m,numeric,1344,65.98,16
ch,im6penta3y,numeric,1344,65.98,8
ch,im6vpo1d,numeric,1344,65.98,34
ch,im6vpo1m,numeric,1344,65.98,15
ch,im6vpo1y,numeric,1344,65.98,7
ch,im6vpc3d,numeric,1344,65.98,35
ch,im6vpc3m,numeric,1344,65.98,16
ch,im6vpc3y,numeric,1344,65.98,8
ch,im6rr1d,numeric,1344,65.98,34
ch,im6rr1m,numeric,1344,65.98,15
ch,im6rr1y,numeric,1344,65.98,8
ch,im6vhad,numeric,1344,65.98,34
ch,im6vham,numeric,1344,65.98,15
ch,im6vhay,numeric,1344,65.98,8
ch,im6rr2d,numeric,1344,65.98,34
ch,im6rr2m,numeric,1344,65.98,15
ch,im6rr2y,numeric,1344,65.98,7
ch,im6dtcrd,numeric,1344,65.98,34
ch,im6dtcrm,numeric,1344,65.98,15
ch,im6dtcry,numeric,1344,65.98,7
ch,im6vpord,numeric,1344,65.98,34
ch,im6vporm,numeric,1344,65.98,15
ch,im6vpory,numeric,1344,65.98,6
ch,im9,numeric,1530,75.11,5
ch,im11,numeric,1793,88.02,5
ch,im14,numeric,1801,88.41,4
ch,im15,numeric,1801,88.41,5
ch,im16,numeric,1801,88.41,4
ch,im18,numeric,1813,89,7
ch,im19,numeric,1801,88.41,4
ch,im19a,numeric,1828,89.74,6
ch,im20,numeric,111,5.45,3
ch,im20a,numeric,111,5.45,3
ch,im20b,numeric,111,5.45,3
ch,im22,numeric,1801,88.41,4
ch,im23,numeric,1872,91.9,5
ch,im26,numeric,1801,88.41,4
ch,im26a,numeric,1859,91.26,5
ch,im29,numeric,1801,88.41,5
ch,im30,numeric,1801,88.41,5
ch,imp6bd,numeric,2014,98.87,16
ch,imp6bm,numeric,2014,98.87,12
ch,imp6by,numeric,2014,98.87,6
ch,imp6vhb0d,numeric,2014,98.87,17
ch,imp6vhb0m,numeric,2014,98.87,13
ch,imp6vhb0y,numeric,2014,98.87,6
ch,imp6hexa1d,numeric,2014,98.87,9
ch,imp6hexa1m,numeric,2014,98.87,11
ch,imp6hexa1y,numeric,2014,98.87,5
ch,imp6hexa2d,numeric,2014,98.87,9
ch,imp6hexa2m,numeric,2014,98.87,9
ch,imp6hexa2y,numeric,2014,98.87,6
ch,imp6hexa3d,numeric,2014,98.87,10
ch,imp6hexa3m,numeric,2014,98.87,9
ch,imp6hexa3y,numeric,2014,98.87,6
ch,imp6pentaxim1d,numeric,2014,98.87,15
ch,imp6pentaxim1m,numeric,2014,98.87,11
ch,imp6pentaxim1y,numeric,2014,98.87,5
ch,imp6pentaxim2d,numeric,2014,98.87,14
ch,imp6pentaxim2m,numeric,2014,98.87,10
ch,imp6pentaxim2y,numeric,2014,98.87,7
ch,imp6pentaxim3d,numeric,2014,98.87,14
ch,imp6pentaxim3m,numeric,2014,98.87,10
ch,imp6pentaxim3y,numeric,2014,98.87,7
ch,imp6tetraxim1d,numeric,2014,98.87,6
ch,imp6tetraxim1m,numeric,2014,98.87,6
ch,imp6tetraxim1y,numeric,2014,98.87,3
ch,imp6tetraxim2d,numeric,2014,98.87,5
ch,imp6tetraxim2m,numeric,2014,98.87,4
ch,imp6tetraxim2y,numeric,2014,98.87,3
ch,imp6tetraxim3d,numeric,2014,98.87,4
ch,imp6tetraxim3m,numeric,2014,98.87,4
ch,imp6tetraxim3y,numeric,2014,98.87,4
ch,imp6hepb1d,numeric,2014,98.87,10
ch,imp6hepb1m,numeric,2014,98.87,11
ch,imp6hepb1y,numeric,2014,98.87,6
ch,imp6hepb2d,numeric,2014,98.87,8
ch,imp6hepb2m,numeric,2014,98.87,6
ch,imp6hepb2y,numeric,2014,98.87,6
ch,imp6hepb3d,numeric,2014,98.87,6
ch,imp6hepb3m,numeric,2014,98.87,6
ch,imp6hepb3y,numeric,2014,98.87,6
ch,imp6hib1d,numeric,2014,98.87,4
ch,imp6hib1m,numeric,2014,98.87,4
ch,imp6hib1y,numeric,2014,98.87,4
ch,imp6hib2d,numeric,2014,98.87,5
ch,imp6hib2m,numeric,2014,98.87,4
ch,imp6hib2y,numeric,2014,98.87,4
ch,imp6hib3d,numeric,2014,98.87,4
ch,imp6hib3m,numeric,2014,98.87,4
ch,imp6hib3y,numeric,2014,98.87,4
ch,imp6prevnarsynflo1d,numeric,2014,98.87,10
ch,imp6prevnarsynflo1m,numeric,2014,98.87,9
ch,imp6prevnarsynflo1y,numeric,2014,98.87,6
ch,imp6prevnarsynflo2d,numeric,2014,98.87,10
ch,imp6prevnarsynflo2m,numeric,2014,98.87,9
ch,imp6prevnarsynflo2y,numeric,2014,98.87,6
ch,imp6prevnarsynflo3d,numeric,2014,98.87,9
ch,imp6prevnarsynflo3m,numeric,2014,98.87,9
ch,imp6prevnarsynflo3y,numeric,2014,98.87,5
ch,imp6prevnarsynflo4d,numeric,2014,98.87,4
ch,imp6prevnarsynflo4m,numeric,2014,98.87,4
ch,imp6prevnarsynflo4y,numeric,2014,98.87,4
ch,imp6rotarix1d,numeric,2014,98.87,6
ch,imp6rotarix1m,numeric,2014,98.87,6
ch,imp6rotarix1y,numeric,2014,98.87,5
ch,imp6rotarix2d,numeric,2014,98.87,6
ch,imp6rotarix2m,numeric,2014,98.87,6
ch,imp6rotarix2y,numeric,2014,98.87,5
ch,imp6priorix1d,numeric,2014,98.87,8
ch,imp6priorix1m,numeric,2014,98.87,7
ch,imp6priorix1y,numeric,2014,98.87,6
ch,imp6priorix2d,numeric,2014,98.87,7
ch,imp6priorix2m,numeric,2014,98.87,7
ch,imp6priorix2y,numeric,2014,98.87,6
ch,imp6havrixhealiv1d,numeric,2014,98.87,6
ch,imp6havrixhealiv1m,numeric,2014,98.87,5
ch,imp6havrixhealiv1y,numeric,2014,98.87,5
ch,imp6havrixhealiv2d,numeric,2014,98.87,4
ch,imp6havrixhealiv2m,numeric,2014,98.87,4
ch,imp6havrixhealiv2y,numeric,2014,98.87,4
ch,imp6rtetraximpentad,numeric,2014,98.87,5
ch,imp6rtetraximpentam,numeric,2014,98.87,5
ch,imp6rtetraximpentay,numeric,2014,98.87,5
ch,imp9,numeric,2015,98.92,3
ch,imp11,numeric,2016,98.97,3
ch,imp14,numeric,2017,99.02,2
ch,imp15,numeric,2017,99.02,3
ch,imp20b,numeric,2017,99.02,3
ch,imp21b,numeric,2018,99.07,6
ch,imp20c,numeric,2036,99.95,2
ch,imp21c,numeric,2036,99.95,2
ch,imp20d,numeric,2036,99.95,2
ch,imp21d,logical,2037,100,1
ch,imp22,numeric,2017,99.02,3
ch,imp23,numeric,2019,99.12,6
ch,imp24,numeric,2017,99.02,4
ch,imp25,numeric,2021,99.21,4
ch,imp26,numeric,2017,99.02,4
ch,imp26a,numeric,2023,99.31,4
ch,imp29,numeric,2017,99.02,4
ch,imp29a,numeric,2025,99.41,4
ch,ipp6bcgd,numeric,2019,99.12,17
ch,ipp6bcgm,numeric,2019,99.12,12
ch,ipp6bcgy,numeric,2019,99.12,6
ch,ipp6vhb0d,numeric,2019,99.12,14
ch,ipp6vhb0m,numeric,2019,99.12,12
ch,ipp6vhb0y,numeric,2019,99.12,5
ch,ipp6penta1d,numeric,2019,99.12,15
ch,ipp6penta1m,numeric,2019,99.12,13
ch,ipp6penta1y,numeric,2019,99.12,5
ch,ipp6vpi1d,numeric,2019,99.12,16
ch,ipp6vpi1m,numeric,2019,99.12,13
ch,ipp6vpi1y,numeric,2019,99.12,5
ch,ipp6hexa1d,numeric,2019,99.12,2
ch,ipp6hexa1m,numeric,2019,99.12,2
ch,ipp6hexa1y,numeric,2019,99.12,2
ch,ipp6pentaxim1d,numeric,2019,99.12,2
ch,ipp6pentaxim1m,numeric,2019,99.12,2
ch,ipp6pentaxim1y,numeric,2019,99.12,2
ch,ipp6tetraxim1d,numeric,2019,99.12,2
ch,ipp6tetraxim1m,numeric,2019,99.12,2
ch,ipp6tetraxim1y,numeric,2019,99.12,2
ch,ipp6hepb1d,numeric,2019,99.12,2
ch,ipp6hepb1m,numeric,2019,99.12,2
ch,ipp6hepb1y,numeric,2019,99.12,2
ch,ipp6hib1d,numeric,2019,99.12,2
ch,ipp6hib1m,numeric,2019,99.12,2
ch,ipp6hib1y,numeric,2019,99.12,2
ch,ipp6vpc1d,numeric,2019,99.12,16
ch,ipp6vpc1m,numeric,2019,99.12,12
ch,ipp6vpc1y,numeric,2019,99.12,5
ch,ipp6penta2d,numeric,2019,99.12,16
ch,ipp6penta2m,numeric,2019,99.12,13
ch,ipp6penta2y,numeric,2019,99.12,5
ch,ipp6vpi2d,numeric,2019,99.12,16
ch,ipp6vpi2m,numeric,2019,99.12,13
ch,ipp6vpi2y,numeric,2019,99.12,5
ch,ipp6hexa2d,numeric,2019,99.12,2
ch,ipp6hexa2m,numeric,2019,99.12,2
ch,ipp6hexa2y,numeric,2019,99.12,2
ch,ipp6pentaxim2d,numeric,2019,99.12,2
ch,ipp6pentaxim2m,numeric,2019,99.12,2
ch,ipp6pentaxim2y,numeric,2019,99.12,2
ch,ipp6tetraxim2d,numeric,2019,99.12,2
ch,ipp6tetraxim2m,numeric,2019,99.12,2
ch,ipp6tetraxim2y,numeric,2019,99.12,2
ch,ipp6hepb2d,numeric,2019,99.12,2
ch,ipp6hepb2m,numeric,2019,99.12,2
ch,ipp6hepb2y,numeric,2019,99.12,2
ch,ipp6hib2d,numeric,2019,99.12,2
ch,ipp6hib2m,numeric,2019,99.12,2
ch,ipp6hib2y,numeric,2019,99.12,2
ch,ipp6vpc2d,numeric,2019,99.12,16
ch,ipp6vpc2m,numeric,2019,99.12,11
ch,ipp6vpc2y,numeric,2019,99.12,6
ch,ipp6penta3d,numeric,2019,99.12,14
ch,ipp6penta3m,numeric,2019,99.12,13
ch,ipp6penta3y,numeric,2019,99.12,6
ch,ipp6vpo1d,numeric,2019,99.12,15
ch,ipp6vpo1m,numeric,2019,99.12,13
ch,ipp6vpo1y,numeric,2019,99.12,6
ch,ipp6hexa3d,numeric,2019,99.12,2
ch,ipp6hexa3m,numeric,2019,99.12,2
ch,ipp6hexa3y,numeric,2019,99.12,2
ch,ipp6pentaxim3d,numeric,2019,99.12,2
ch,ipp6pentaxim3m,numeric,2019,99.12,2
ch,ipp6pentaxim3y,numeric,2019,99.12,2
ch,ipp6tetraxim3d,numeric,2019,99.12,2
ch,ipp6tetraxim3m,numeric,2019,99.12,2
ch,ipp6tetraxim3y,numeric,2019,99.12,2
ch,ipp6hepb3d,numeric,2019,99.12,2
ch,ipp6hepb3m,numeric,2019,99.12,2
ch,ipp6hepb3y,numeric,2019,99.12,2
ch,ipp6hib3d,numeric,2019,99.12,2
ch,ipp6hib3m,numeric,2019,99.12,2
ch,ipp6hib3y,numeric,2019,99.12,2
ch,ipp6vpc3d,numeric,2019,99.12,13
ch,ipp6vpc3m,numeric,2019,99.12,10
ch,ipp6vpc3y,numeric,2019,99.12,5
ch,ipp6prevnarsynflo4d,numeric,2019,99.12,2
ch,ipp6prevnarsynflo4m,numeric,2019,99.12,2
ch,ipp6prevnarsynflo4y,numeric,2019,99.12,2
ch,ipp6rotarix1d,numeric,2019,99.12,4
ch,ipp6rotarix1m,numeric,2019,99.12,4
ch,ipp6rotarix1y,numeric,2019,99.12,3
ch,ipp6rotarix2d,numeric,2019,99.12,4
ch,ipp6rotarix2m,numeric,2019,99.12,4
ch,ipp6rotarix2y,numeric,2019,99.12,3
ch,ipp6rr1d,numeric,2019,99.12,11
ch,ipp6rr1m,numeric,2019,99.12,9
ch,ipp6rr1y,numeric,2019,99.12,5
ch,ipp6vhad,numeric,2019,99.12,11
ch,ipp6vham,numeric,2019,99.12,9
ch,ipp6vhay,numeric,2019,99.12,6
ch,ipp6havrixhealiv2d,numeric,2019,99.12,3
ch,ipp6havrixhealiv2m,numeric,2019,99.12,3
ch,ipp6havrixhealiv2y,numeric,2019,99.12,3
ch,ipp6rr2d,numeric,2019,99.12,8
ch,ipp6rr2m,numeric,2019,99.12,7
ch,ipp6rr2y,numeric,2019,99.12,4
ch,ipp6rtetrapentad,numeric,2019,99.12,7
ch,ipp6rtetrapentam,numeric,2019,99.12,5
ch,ipp6rtetrapentay,numeric,2019,99.12,4
ch,ipp6vpord,numeric,2019,99.12,8
ch,ipp6vporm,numeric,2019,99.12,6
ch,ipp6vpory,numeric,2019,99.12,4
ch,impp9,numeric,2019,99.12,3
ch,impp11,numeric,2031,99.71,2
ch,impp14,numeric,2031,99.71,2
ch,impp15,numeric,2031,99.71,3
ch,impp16,numeric,2031,99.71,2
ch,impp18,numeric,2031,99.71,4
ch,impp19,numeric,2031,99.71,2
ch,impp19a,numeric,2031,99.71,3
ch,impp20a,numeric,2031,99.71,2
ch,impp21a,numeric,2031,99.71,5
ch,impp20b,logical,2037,100,1
ch,impp21b,logical,2037,100,1
ch,impp20c,logical,2037,100,1
ch,impp21c,logical,2037,100,1
ch,impp20d,logical,2037,100,1
ch,impp21d,logical,2037,100,1
ch,impp22,numeric,2031,99.71,4
ch,impp23,numeric,2033,99.8,4
ch,impp24,numeric,2031,99.71,4
ch,impp25,numeric,2033,99.8,5
ch,impp26,numeric,2031,99.71,3
ch,impp26a,numeric,2032,99.75,3
ch,impp29,numeric,2031,99.71,3
ch,impp29a,numeric,2034,99.85,3
ch,ca1,numeric,111,5.45,4
ch,ca3,numeric,1923,94.4,7
ch,ca4,numeric,1923,94.4,8
ch,ca5,numeric,1923,94.4,3
ch,ca6a,character,2022,99.26,2
ch,ca6b,character,2026,99.46,2
ch,ca6e,logical,2037,100,1
ch,ca6h,logical,2037,100,1
ch,ca6i,character,2028,99.56,2
ch,ca6j,character,2026,99.46,2
ch,ca6k,character,2014,98.87,2
ch,ca6o,logical,2037,100,1
ch,ca6p,character,2031,99.71,2
ch,ca6q,logical,2037,100,1
ch,ca6r,logical,2037,100,1
ch,ca6x,character,2035,99.9,2
ch,ca6nr,logical,2037,100,1
ch,ca7a,numeric,1923,94.4,4
ch,ca7b,numeric,1923,94.4,4
ch,ca7c,numeric,1923,94.4,4
ch,ca7d,numeric,1923,94.4,3
ch,ca9a,character,2029,99.61,2
ch,ca9b,character,2031,99.71,2
ch,ca9e,logical,2037,100,1
ch,ca9h,logical,2037,100,1
ch,ca9i,character,2036,99.95,2
ch,ca9j,character,2035,99.9,2
ch,ca9k,character,1995,97.94,2
ch,ca9o,logical,2037,100,1
ch,ca9p,logical,2037,100,1
ch,ca9q,logical,2037,100,1
ch,ca9r,logical,2037,100,1
ch,ca9x,logical,2037,100,1
ch,ca9z,logical,2037,100,1
ch,ca9nr,logical,2037,100,1
ch,ca11a,logical,2037,100,1
ch,ca11b,logical,2037,100,1
ch,ca11e,logical,2037,100,1
ch,ca11h,logical,2037,100,1
ch,ca11i,logical,2037,100,1
ch,ca11j,logical,2037,100,1
ch,ca11k,character,2031,99.71,2
ch,ca11o,logical,2037,100,1
ch,ca11p,logical,2037,100,1
ch,ca11q,logical,2037,100,1
ch,ca11r,logical,2037,100,1
ch,ca11x,logical,2037,100,1
ch,ca11z,logical,2037,100,1
ch,ca11nr,logical,2037,100,1
ch,ca12,numeric,1923,94.4,4
ch,ca13a,character,2031,99.71,3
ch,ca13b,character,2033,99.8,3
ch,ca13g,logical,2037,100,1
ch,ca13h,logical,2037,100,1
ch,ca13l,logical,2037,100,1
ch,ca13m,logical,2037,100,1
ch,ca13n,logical,2037,100,1
ch,ca13o,logical,2037,100,1
ch,ca13q,character,2030,99.66,3
ch,ca13x,character,2033,99.8,3
ch,ca13nr,logical,2037,100,1
ch,ca14,numeric,111,5.45,4
ch,ca16,numeric,111,5.45,4
ch,ca17,numeric,111,5.45,4
ch,ca18,numeric,1756,86.21,6
ch,ca20,numeric,1542,75.7,5
ch,ca21a,character,1932,94.85,2
ch,ca21b,character,2000,98.18,2
ch,ca21e,logical,2037,100,1
ch,ca21h,character,2034,99.85,2
ch,ca21i,character,2025,99.41,2
ch,ca21j,character,1953,95.88,2
ch,ca21k,character,1869,91.75,2
ch,ca21o,logical,2037,100,1
ch,ca21p,character,2027,99.51,2
ch,ca21q,logical,2037,100,1
ch,ca21r,character,2033,99.8,2
ch,ca21x,logical,2037,100,1
ch,ca21nr,logical,2037,100,1
ch,ca22,numeric,1542,75.7,4
ch,ca23l,character,1822,89.45,3
ch,ca23m,character,2000,98.18,3
ch,ca23n,character,1979,97.15,3
ch,ca23o,character,2021,99.21,3
ch,ca23r,character,2015,98.92,3
ch,ca23s,character,2018,99.07,3
ch,ca23t,character,1939,95.19,3
ch,ca23x,character,1960,96.22,3
ch,ca23z,character,2008,98.58,3
ch,ca23nr,character,2034,99.85,2
ch,ca25a,character,2000,98.18,2
ch,ca25b,character,2025,99.41,2
ch,ca25e,logical,2037,100,1
ch,ca25h,logical,2037,100,1
ch,ca25i,character,2015,98.92,2
ch,ca25j,character,2020,99.17,2
ch,ca25k,character,1841,90.38,2
ch,ca25o,character,2035,99.9,2
ch,ca25p,character,2035,99.9,2
ch,ca25q,logical,2037,100,1
ch,ca25r,logical,2037,100,1
ch,ca25x,character,2036,99.95,2
ch,ca25z,logical,2037,100,1
ch,ca25nr,logical,2037,100,1
ch,ca31,numeric,1032,50.66,9
ch,an1_dq,numeric,111,5.45,466
ch,an2_dq,numeric,111,5.45,23
ch,an3_dq,numeric,111,5.45,14
ch,an4_dq,numeric,111,5.45,6
ch,an5_dq,numeric,111,5.45,12
ch,an6_dq,numeric,111,5.45,129
ch,an7_dq,numeric,111,5.45,78
ch,an8_dq,numeric,111,5.45,236
ch,an9_dq,numeric,214,10.51,4
ch,an11_dq,numeric,146,7.17,549
ch,an12_dq,numeric,229,11.24,4
ch,an13d_dq,numeric,111,5.45,32
ch,an13m_dq,numeric,111,5.45,7
ch,an13y_dq,numeric,111,5.45,2
ch,hh4,numeric,0,0,24
ch,hh6,numeric,0,0,2
ch,hh7,numeric,0,0,7
ch,hl4,numeric,0,0,2
ch,ed5a,numeric,134,6.58,8
ch,ed5b,numeric,136,6.68,10
ch,cdoi,numeric,0,0,2
ch,cdob,numeric,111,5.45,61
ch,cage,numeric,111,5.45,61
ch,cage_6,numeric,111,5.45,7
ch,cage_11,numeric,111,5.45,6
ch,caged,numeric,111,5.45,1189
ch,hap_dq,numeric,111,5.45,769
ch,haz_dq,numeric,111,5.45,703
ch,ham_dq,numeric,111,5.45,400
ch,wap_dq,numeric,111,5.45,787
ch,waz_dq,numeric,111,5.45,590
ch,wam_dq,numeric,111,5.45,668
ch,whp_dq,numeric,111,5.45,730
ch,whz_dq,numeric,111,5.45,636
ch,whm_dq,numeric,111,5.45,640
ch,flag_dq,numeric,111,5.45,9
ch,bmi_dq,numeric,113,5.55,881
ch,zbmi_dq,numeric,111,5.45,597
ch,haz2_dq,numeric,111,5.45,650
ch,waz2_dq,numeric,111,5.45,548
ch,whz2_dq,numeric,111,5.45,591
ch,hazflag_dq,numeric,111,5.45,3
ch,wazflag_dq,numeric,111,5.45,3
ch,whzflag_dq,numeric,111,5.45,3
ch,bmiflag_dq,numeric,111,5.45,3
ch,whznoage_dq,numeric,111,5.45,3
ch,melevel,numeric,0,0,5
ch,cinsurance,numeric,111,5.45,4
ch,cdisability,numeric,737,36.18,3
ch,caretakerdis,numeric,0,0,3
ch,bcg,numeric,111,5.45,5
ch,polio1,numeric,111,5.45,4
ch,polio2,numeric,111,5.45,4
ch,polio3,numeric,111,5.45,4
ch,hep_b0,numeric,111,5.45,5
ch,hep_b0day,numeric,111,5.45,4
ch,hep_b0later,numeric,111,5.45,4
ch,dtc1,numeric,111,5.45,4
ch,dtc2,numeric,111,5.45,4
ch,dtc3,numeric,111,5.45,4
ch,hib1,numeric,111,5.45,4
ch,hib2,numeric,111,5.45,4
ch,hib3,numeric,111,5.45,4
ch,hep_b1,numeric,111,5.45,4
ch,hep_b2,numeric,111,5.45,4
ch,hep_b3,numeric,111,5.45,4
ch,pneumo1,numeric,111,5.45,5
ch,pneumo2,numeric,111,5.45,5
ch,pneumo3,numeric,111,5.45,5
ch,measles1,numeric,111,5.45,4
ch,measles2,numeric,111,5.45,4
ch,hep_a,numeric,111,5.45,5
ch,basicvacc,numeric,111,5.45,4
ch,basicvacc1,numeric,111,5.45,5
ch,allvacc,numeric,111,5.45,5
ch,novacc,numeric,111,5.45,5
ch,chweight,numeric,0,0,91
ch,wscore,numeric,0,0,1470
ch,windex5,numeric,0,0,6
ch,windex10,numeric,0,0,11
ch,wscoreu,numeric,887,43.54,811
ch,windex5u,numeric,887,43.54,7
ch,windex10u,numeric,887,43.54,12
ch,wscorer,numeric,1039,51.01,662
ch,windex5r,numeric,1039,51.01,7
ch,windex10r,numeric,1039,51.01,12
ch,psu,numeric,0,0,472
ch,stratum,numeric,0,0,46
fs,hh1,numeric,0,0,498
fs,hh2,numeric,0,0,22
fs,ln,numeric,0,0,10
fs,fs1,numeric,0,0,498
fs,fs2,numeric,0,0,22
fs,fsint,numeric,0,0,130
fs,fs3,numeric,0,0,10
fs,fs4,numeric,0,0,10
fs,fs5,numeric,0,0,130
fs,fs6,numeric,0,0,24
fs,fs7d,numeric,0,0,31
fs,fs7m,numeric,0,0,2
fs,fs7y,numeric,0,0,1
fs,fs9,numeric,0,0,2
fs,fs10,numeric,0,0,2
fs,fs17,numeric,0,0,6
fs,fs8h,numeric,161,4.23,21
fs,fs8m,numeric,161,4.23,61
fs,fs11h,numeric,161,4.23,21
fs,fs11m,numeric,161,4.23,61
fs,fs12,numeric,161,4.23,3
fs,fs13,numeric,161,4.23,3
fs,fs14,numeric,161,4.23,3
fs,fs15,numeric,161,4.23,5
fs,fs15a,numeric,161,4.23,4
fs,fs15b,numeric,308,8.09,4
fs,fs15c,numeric,308,8.09,4
fs,fs15d,numeric,2483,65.24,4
fs,fs15e,numeric,2839,74.59,4
fs,fs15g_p1,numeric,2839,74.59,4
fs,fs15j_p1,numeric,2839,74.59,4
fs,fs15g_p2,numeric,3743,98.34,3
fs,fs15j_p2,numeric,3743,98.34,4
fs,fs15g_p3,numeric,3795,99.71,3
fs,fs15j_p3,numeric,3795,99.71,3
fs,fshint,numeric,0,0,130
fs,cb2m,numeric,161,4.23,15
fs,cb2y,numeric,161,4.23,16
fs,cb3,numeric,161,4.23,14
fs,cb4,numeric,161,4.23,3
fs,cb5a,numeric,216,5.68,5
fs,cb5b,numeric,550,14.45,10
fs,cb6,numeric,550,14.45,5
fs,cb7,numeric,216,5.68,4
fs,cb8a,numeric,540,14.19,10
fs,cb8b,numeric,865,22.73,10
fs,cb9,numeric,216,5.68,5
fs,cb10a,numeric,601,15.79,8
fs,cb10b,numeric,1098,28.85,10
fs,cb11,numeric,161,4.23,4
fs,cb12a,character,1466,38.52,3
fs,cb12d,character,3745,98.4,3
fs,cb12e,character,3612,94.9,3
fs,cb12f,logical,3357,88.2,2
fs,cb12x,character,3766,98.95,3
fs,cb12nr,logical,3806,100,1
fs,cl1a,numeric,161,4.23,4
fs,cl1b,numeric,161,4.23,4
fs,cl1c,numeric,161,4.23,4
fs,cl1d,numeric,161,4.23,4
fs,cl1e,numeric,161,4.23,4
fs,cl1x,numeric,161,4.23,4
fs,cl3,numeric,3509,92.2,27
fs,cl4,numeric,3509,92.2,4
fs,cl5,numeric,3509,92.2,4
fs,cl6a,numeric,3509,92.2,4
fs,cl6b,numeric,3509,92.2,4
fs,cl6c,numeric,3509,92.2,4
fs,cl6d,numeric,3509,92.2,3
fs,cl6e,numeric,3509,92.2,4
fs,cl6f,numeric,3509,92.2,3
fs,cl6x,numeric,3509,92.2,4
fs,cl7,numeric,161,4.23,4
fs,cl8,numeric,3559,93.51,16
fs,cl9,numeric,161,4.23,4
fs,cl10,numeric,3736,98.16,11
fs,cl11a,numeric,161,4.23,4
fs,cl11b,numeric,161,4.23,4
fs,cl11c,numeric,161,4.23,4
fs,cl11d,numeric,161,4.23,4
fs,cl11e,numeric,161,4.23,4
fs,cl11f,numeric,161,4.23,4
fs,cl11x,numeric,161,4.23,4
fs,cl13,numeric,2060,54.13,30
fs,fcd2a,numeric,1045,27.46,4
fs,fcd2b,numeric,1045,27.46,4
fs,fcd2c,numeric,1045,27.46,4
fs,fcd2d,numeric,1045,27.46,4
fs,fcd2e,numeric,1045,27.46,4
fs,fcd2f,numeric,1045,27.46,4
fs,fcd2g,numeric,1045,27.46,4
fs,fcd2h,numeric,1045,27.46,4
fs,fcd2i,numeric,1045,27.46,4
fs,fcd2j,numeric,1045,27.46,4
fs,fcd2k,numeric,1045,27.46,4
fs,fcd4,numeric,2940,77.25,4
fs,fcd5,numeric,1334,35.05,5
fs,fcf1,numeric,161,4.23,4
fs,fcf2,numeric,161,4.23,4
fs,fcf3,numeric,161,4.23,4
fs,fcf6,numeric,161,4.23,6
fs,fcf8,numeric,161,4.23,6
fs,fcf10,numeric,3656,96.06,5
fs,fcf11,numeric,3801,99.87,3
fs,fcf12,numeric,3656,96.06,5
fs,fcf13,numeric,3665,96.3,5
fs,fcf14,numeric,299,7.86,5
fs,fcf15,numeric,311,8.17,6
fs,fcf16,numeric,161,4.23,6
fs,fcf17,numeric,161,4.23,6
fs,fcf18,numeric,161,4.23,6
fs,fcf19,numeric,161,4.23,6
fs,fcf20,numeric,161,4.23,6
fs,fcf21,numeric,161,4.23,6
fs,fcf22,numeric,161,4.23,6
fs,fcf23,numeric,161,4.23,6
fs,fcf24,numeric,161,4.23,6
fs,fcf25,numeric,161,4.23,7
fs,fcf26,numeric,161,4.23,7
fs,pr3,numeric,1689,44.38,13
fs,pr5,numeric,1853,48.69,4
fs,pr6,numeric,1907,50.11,4
fs,pr7,numeric,1853,48.69,5
fs,pr8,numeric,3480,91.43,4
fs,pr9a,numeric,3585,94.19,4
fs,pr9b,numeric,3585,94.19,4
fs,pr10,numeric,1853,48.69,5
fs,pr11a,numeric,1853,48.69,5
fs,pr11b,numeric,1853,48.69,5
fs,pr12a,numeric,1853,48.69,5
fs,pr12b,numeric,1853,48.69,5
fs,pr12c,numeric,1853,48.69,5
fs,pr12x,numeric,1853,48.69,5
fs,pr13,numeric,1853,48.69,5
fs,pr15,numeric,2387,62.72,4
fs,fl1,numeric,1689,44.38,3
fs,fl2h,numeric,1883,49.47,22
fs,fl2m,numeric,1883,49.47,61
fs,fl3,numeric,1883,49.47,3
fs,fl4a,character,2430,63.85,2
fs,fl4b,character,2781,73.07,2
fs,fl4c,character,3011,79.11,2
fs,fl6a,numeric,1941,51,4
fs,fl6b,numeric,1941,51,4
fs,fl7,numeric,1941,51,5
fs,fl9,numeric,1945,51.1,4
fs,fl10,numeric,1941,51,4
fs,fl13,numeric,3032,79.66,2
fs,fl14,numeric,3032,79.66,4
fs,fl15,numeric,3154,82.87,5
fs,fl16,numeric,3795,99.71,2
fs,fl17,numeric,3165,83.16,4
fs,fl18,numeric,3784,99.42,2
fs,flintro,numeric,2151,56.52,2
fs,fl19w1,numeric,2151,56.52,5
fs,fl19w2,numeric,2151,56.52,5
fs,fl19w3,numeric,2151,56.52,5
fs,fl19w4,numeric,2151,56.52,5
fs,fl19w5,numeric,2151,56.52,5
fs,fl19w6,numeric,2151,56.52,5
fs,fl19w7,numeric,2151,56.52,5
fs,fl19w8,numeric,2151,56.52,5
fs,fl19w9,numeric,2151,56.52,5
fs,fl19w10,numeric,2151,56.52,5
fs,fl19w11,numeric,2151,56.52,5
fs,fl19w12,numeric,2151,56.52,5
fs,fl19w13,numeric,2151,56.52,5
fs,fl19w14,numeric,2151,56.52,5
fs,fl19w15,numeric,2151,56.52,5
fs,fl19w16,numeric,2151,56.52,5
fs,fl19w17,numeric,2151,56.52,5
fs,fl19w18,numeric,2151,56.52,5
fs,fl19w19,numeric,2151,56.52,5
fs,fl19w20,numeric,2151,56.52,5
fs,fl19w21,numeric,2151,56.52,5
fs,fl19w22,numeric,2151,56.52,5
fs,fl19w23,numeric,2151,56.52,5
fs,fl19w24,numeric,2151,56.52,5
fs,fl19w25,numeric,2151,56.52,5
fs,fl19w26,numeric,2151,56.52,5
fs,fl19w27,numeric,2151,56.52,5
fs,fl19w28,numeric,2151,56.52,5
fs,fl19w29,numeric,2151,56.52,5
fs,fl19w30,numeric,2151,56.52,5
fs,fl19w31,numeric,2151,56.52,5
fs,fl19w32,numeric,2151,56.52,5
fs,fl19w33,numeric,2151,56.52,5
fs,fl19w34,numeric,2151,56.52,5
fs,fl19w35,numeric,2151,56.52,5
fs,fl19w36,numeric,2151,56.52,5
fs,fl19w37,numeric,2151,56.52,5
fs,fl19w38,numeric,2151,56.52,5
fs,fl19w39,numeric,2151,56.52,5
fs,fl19w40,numeric,2151,56.52,5
fs,fl19w41,numeric,2151,56.52,5
fs,fl19w42,numeric,2151,56.52,5
fs,fl19w43,numeric,2151,56.52,5
fs,fl19w44,numeric,2151,56.52,5
fs,fl19w45,numeric,2151,56.52,5
fs,fl19w46,numeric,2151,56.52,5
fs,fl19w47,numeric,2151,56.52,5
fs,fl19w48,numeric,2151,56.52,5
fs,fl19w49,numeric,2151,56.52,5
fs,fl19w50,numeric,2151,56.52,5
fs,fl19w51,numeric,2151,56.52,5
fs,fl19w52,numeric,2151,56.52,5
fs,fl19w53,numeric,2151,56.52,5
fs,fl19w54,numeric,2151,56.52,5
fs,fl19w55,numeric,2151,56.52,5
fs,fl19w56,numeric,2151,56.52,5
fs,fl19w57,numeric,2151,56.52,5
fs,fl19w58,numeric,2151,56.52,5
fs,fl19w59,numeric,2151,56.52,5
fs,fl19w60,numeric,2151,56.52,5
fs,fl19w61,numeric,2151,56.52,5
fs,fl19w62,numeric,2151,56.52,5
fs,fl19w63,numeric,2151,56.52,5
fs,fl19w64,numeric,2151,56.52,5
fs,fl19w65,numeric,2151,56.52,5
fs,fl19w66,numeric,2151,56.52,5
fs,fl19w67,numeric,2151,56.52,5
fs,fl19w68,numeric,2151,56.52,5
fs,fl19w69,numeric,2151,56.52,5
fs,fl19w70,numeric,2151,56.52,5
fs,fl19w71,numeric,2151,56.52,5
fs,fl19w72,numeric,2151,56.52,5
fs,fl20a,numeric,2151,56.52,61
fs,fl20b,numeric,2151,56.52,35
fs,fl21,numeric,2151,56.52,4
fs,fl22a,numeric,2166,56.91,5
fs,fl22b,numeric,2166,56.91,5
fs,fl22c,numeric,2166,56.91,5
fs,fl22d,numeric,2166,56.91,5
fs,fl22e,numeric,2166,56.91,5
fs,fl23a,numeric,1941,51,4
fs,fl23b,numeric,1941,51,4
fs,fl23c,numeric,1941,51,4
fs,fl23d,numeric,1941,51,4
fs,fl23e,numeric,1941,51,4
fs,fl23f,numeric,1941,51,4
fs,fl24a,numeric,1941,51,4
fs,fl24b,numeric,1941,51,4
fs,fl24c,numeric,1941,51,4
fs,fl24d,numeric,1941,51,4
fs,fl24e,numeric,1941,51,4
fs,fl25a,numeric,1941,51,4
fs,fl25b,numeric,1941,51,4
fs,fl25c,numeric,1941,51,4
fs,fl25d,numeric,1941,51,4
fs,fl25e,numeric,1941,51,4
fs,fl27a,numeric,1941,51,4
fs,fl27b,numeric,1941,51,4
fs,fl27c,numeric,1941,51,4
fs,fl27d,numeric,1941,51,5
fs,fl27e,numeric,1941,51,4
fs,fl26,numeric,2032,53.39,2
fs,fl28,numeric,1689,44.38,7
fs,fmt4,numeric,1689,44.38,4
fs,fmt5,numeric,3031,79.64,6
fs,hh6,numeric,0,0,2
fs,hh7,numeric,0,0,7
fs,hl4,numeric,0,0,2
fs,hh52,numeric,0,0,7
fs,fsage,numeric,161,4.23,4
fs,fsdoi,numeric,0,0,2
fs,fsdob,numeric,161,4.23,158
fs,fsweight,numeric,0,0,332
fs,fshweight,numeric,0,0,88
fs,wscore,numeric,0,0,3619
fs,windex5,numeric,0,0,6
fs,windex10,numeric,0,0,11
fs,wscoreu,numeric,1383,36.34,2238
fs,windex5u,numeric,1383,36.34,7
fs,windex10u,numeric,1383,36.34,12
fs,wscorer,numeric,2262,59.43,1384
fs,windex5r,numeric,2262,59.43,7
fs,windex10r,numeric,2262,59.43,12
fs,melevel,numeric,0,0,5
fs,fselevel,numeric,161,4.23,4
fs,schage,numeric,0,0,15
fs,fsinsurance,numeric,161,4.23,4
fs,fsdisability,numeric,161,4.23,3
fs,caretakerdis,numeric,0,0,3
fs,psu,numeric,0,0,498
fs,stratum,numeric,0,0,46
